descricao,Categoria,contagem
bobina kbm papel bco klabin bobina kbm papel branco klabin largura,Embalagem,5
bobina kbm papel bco klabin bobina kbm papel branco klabin largura,Papelaria,1
bobina papel calculadora mmm datapel careca,Embalagem,1
bobina papel calculadora mmm datapel careca,Papelaria,1
bobina papel cartao ponto,Embalagem,1
bobina papel cartao ponto,Papelaria,1
bobina papel cartao ponto mmm,Embalagem,1
bobina papel cartao ponto mmm,Papelaria,1
bobina papel cartao ponto rolos,Embalagem,1
bobina papel cartao ponto rolos,Papelaria,1
bobina papel coletor bobina papel metro coletor telepatica dia rep,Embalagem,1
bobina papel coletor bobina papel metro coletor telepatica dia rep,Papelaria,1
bobina papel coletor telepatia bobina papel coletor telepatica colin rep metro,Embalagem,1
bobina papel coletor telepatia bobina papel coletor telepatica colin rep metro,Papelaria,1
bobina papel embrulho bobina papel embrulho,Embalagem,1
bobina papel embrulho bobina papel embrulho,Papelaria,1
bobina papel fax fax point max point,Embalagem,1
bobina papel fax fax point max point,Papelaria,1
bobina papel formato xmxgrs bobina papel formato grs,Embalagem,1
bobina papel formato xmxgrs bobina papel formato grs,Papelaria,1
bobina papel kph termo script bobina papel termoscript kph medida papel khp termoscript largura comprimento diametro externo diametro interno prematura papel,Embalagem,1
bobina papel kph termo script bobina papel termoscript kph medida papel khp termoscript largura comprimento diametro externo diametro interno prematura papel,Papelaria,1
bobina papel ondulado,Embalagem,4
bobina papel ondulado,Papelaria,2
bobina papel relogio ponto,Embalagem,1
bobina papel relogio ponto,Papelaria,1
bobina papel relogio ponto colin bobina papel relogio ponto colin rep,Embalagem,1
bobina papel relogio ponto colin bobina papel relogio ponto colin rep,Papelaria,1
bobina papel termico colin rep bobina papel termico metro colin rep caixa unidades,Embalagem,2
bobina papel termico colin rep bobina papel termico metro colin rep caixa unidades,Papelaria,2
bobina papel termino,Embalagem,2
bobina papel termino,Papelaria,2
bobina papel termino fax bobina papel termino fax,Embalagem,1
bobina papel termino fax bobina papel termino fax,Papelaria,1
bobina papel termino metro colin rep caixa,Embalagem,1
bobina papel termino metro colin rep caixa,Papelaria,1
bobina papel termino via impressora termina,Embalagem,1
bobina papel termino via impressora termina,Papelaria,1
bobina papel termino via impressora termina portatil,Embalagem,1
bobina papel termino via impressora termina portatil,Papelaria,1
bobina papel vci classificado bobina bobina papel vci classificado,Embalagem,2
bobina papel vci classificado bobina bobina papel vci classificado,Papelaria,2
bobina sdk papel klabin bobina sdk papel klabin largura,Embalagem,10
bobina sdk papel klabin bobina sdk papel klabin largura,Papelaria,1
bobina tem autopapel larga rosa bobina termina autopapel larga rosa,Embalagem,1
bobina tem autopapel larga rosa bobina termina autopapel larga rosa,Papelaria,1
bobina via papel prematura medidas,Embalagem,1
bobina via papel prematura medidas,Papelaria,1
caixa papelao envio brindes,Embalagem,1
caixa papelao envio brindes,Papelaria,2
colmeia papel,Embalagem,1
colmeia papel,Papelaria,1
cona papel rugosmetro portatil rolos papel rolos oferta preso,Embalagem,1
cona papel rugosmetro portatil rolos papel rolos oferta preso,Papelaria,1
conjunto adesivos gerador smg somar contendo adesivos sendo adesivos frontais gerador smg somar chulo adesivo lateral endereco adesivo lateral especificacoes produto auto adesivo lamina plana impressao digital tamanho material papel adesivo branco brilhante inscricoes preto conforme desenho,Embalagem,1
conjunto adesivos gerador smg somar contendo adesivos sendo adesivos frontais gerador smg somar chulo adesivo lateral endereco adesivo lateral especificacoes produto auto adesivo lamina plana impressao digital tamanho material papel adesivo branco brilhante inscricoes preto conforme desenho,Papelaria,1
embalagem papelao lateral extra produto servico centro custo solicitando aprovado utilizar padre descrito complementar,Embalagem,1
embalagem papelao lateral extra produto servico centro custo solicitando aprovado utilizar padre descrito complementar,Papelaria,1
etiqueta tamanho mexam papel bop auto volante,Embalagem,1
etiqueta tamanho mexam papel bop auto volante,Papelaria,1
examine papel folhas papel base xmm produto servico utilizar padre teste espelho essa descrito complementar aplicacao direta,Embalagem,1
examine papel folhas papel base xmm produto servico utilizar padre teste espelho essa descrito complementar aplicacao direta,Papelaria,1
fita adesiva dupla face papel fita adesiva dupla face papel,Embalagem,1
fita adesiva dupla face papel fita adesiva dupla face papel,Papelaria,1
fita adesiva papel cremado,Embalagem,1
fita adesiva papel cremado,Papelaria,1
fita adesiva papel cremado tratar opo marca adere,Embalagem,1
fita adesiva papel cremado tratar opo marca adere,Papelaria,1
fita adesiva papel crepe branca,Embalagem,1
fita adesiva papel crepe branca,Papelaria,1
fita adesiva papel crepe branca multa tape,Embalagem,2
fita adesiva papel crepe branca multa tape,Papelaria,2
fita adesiva papel crepe cor marrom,Embalagem,1
fita adesiva papel crepe cor marrom,Papelaria,1
fita adesiva papel crepe tratar cor marrom,Embalagem,2
fita adesiva papel crepe tratar cor marrom,Papelaria,2
fita adesiva papel marrom europeu,Embalagem,1
fita adesiva papel marrom europeu,Papelaria,1
fita creme papel cremado,Embalagem,2
fita creme papel cremado,Papelaria,2
fita creme papel pardo,Embalagem,1
fita creme papel pardo,Papelaria,1
fita crepe fita papel kart,Embalagem,1
fita crepe fita papel kart,Papelaria,1
fita dupla face papel,Embalagem,1
fita dupla face papel,Papelaria,1
fita empacotamento papel tomada,Embalagem,1
fita empacotamento papel tomada,Papelaria,1
fita junta papel microperfurado,Embalagem,2
fita junta papel microperfurado,Papelaria,2
fita papel kart marrom,Embalagem,1
fita papel kart marrom,Papelaria,1
fita papel marrom scotch kart filial,Embalagem,2
fita papel marrom scotch kart filial,Papelaria,2
fita papel microperfurada,Embalagem,1
fita papel microperfurada,Papelaria,1
fita papel tratar cor marrom fita adesiva papel tratar,Embalagem,1
fita papel tratar cor marrom fita adesiva papel tratar,Papelaria,1
fita tomada papel tratar,Embalagem,1
fita tomada papel tratar,Papelaria,1
folha papel vci xmm,Embalagem,1
folha papel vci xmm,Papelaria,1
folha papelao hidraulico,Embalagem,2
folha papelao hidraulico,Papelaria,2
injusto impregnado papel acabam,Embalagem,1
injusto impregnado papel acabam,Papelaria,1
injusto impregnado papel adora,Embalagem,1
injusto impregnado papel adora,Papelaria,1
injusto impregnado papel alecrim injusto impregnado papel alecrim,Embalagem,1
injusto impregnado papel alecrim injusto impregnado papel alecrim,Papelaria,1
injusto impregnado papel ali injusto impregnado papel trace nome digo fornecedor trace cometa,Embalagem,1
injusto impregnado papel ali injusto impregnado papel trace nome digo fornecedor trace cometa,Papelaria,1
injusto impregnado papel amava,Embalagem,1
injusto impregnado papel amava,Papelaria,1
injusto impregnado papel antiga injusto impregnado papel antiga,Embalagem,1
injusto impregnado papel antiga injusto impregnado papel antiga,Papelaria,1
injusto impregnado papel antuerpia,Embalagem,1
injusto impregnado papel antuerpia,Papelaria,1
injusto impregnado papel areia injusto impregnado papel areia,Embalagem,1
injusto impregnado papel areia injusto impregnado papel areia,Papelaria,1
injusto impregnado papel atacaria,Embalagem,1
injusto impregnado papel atacaria,Papelaria,1
injusto impregnado papel aura injusto impregnado papel unimetalic nome digo fornecedor uni metal metalico dourado,Embalagem,1
injusto impregnado papel aura injusto impregnado papel unimetalic nome digo fornecedor uni metal metalico dourado,Papelaria,1
injusto impregnado papel azul ardosia injusto impregnado papel fique calor nome digo fornecedor fique calor azul,Embalagem,1
injusto impregnado papel azul ardosia injusto impregnado papel fique calor nome digo fornecedor fique calor azul,Papelaria,1
injusto impregnado papel azul petroleo injusto impregnado papel azul petroleo,Embalagem,1
injusto impregnado papel azul petroleo injusto impregnado papel azul petroleo,Papelaria,1
injusto impregnado papel beringela injusto impregnado papel beringela,Embalagem,1
injusto impregnado papel beringela injusto impregnado papel beringela,Papelaria,1
injusto impregnado papel biliao injusto impregnado papel biliao,Embalagem,1
injusto impregnado papel biliao injusto impregnado papel biliao,Papelaria,1
injusto impregnado papel bronze,Embalagem,1
injusto impregnado papel bronze,Papelaria,1
injusto impregnado papel canoas injusto impregnado papel canoas,Embalagem,1
injusto impregnado papel canoas injusto impregnado papel canoas,Papelaria,1
injusto impregnado papel capuccino,Embalagem,1
injusto impregnado papel capuccino,Papelaria,1
injusto impregnado papel carvalho natural,Embalagem,1
injusto impregnado papel carvalho natural,Papelaria,1
injusto impregnado papel caveira,Embalagem,1
injusto impregnado papel caveira,Papelaria,1
injusto impregnado papel cinza perfeito injusto impregnado papel find nome digo fornecedor find cinza,Embalagem,1
injusto impregnado papel cinza perfeito injusto impregnado papel find nome digo fornecedor find cinza,Papelaria,1
injusto impregnado papel cinza urbano,Embalagem,1
injusto impregnado papel cinza urbano,Papelaria,1
injusto impregnado papel cobre injusto impregnado papel cobre,Embalagem,1
injusto impregnado papel cobre injusto impregnado papel cobre,Papelaria,1
injusto impregnado papel corte,Embalagem,1
injusto impregnado papel corte,Papelaria,1
injusto impregnado papel cosmos,Embalagem,1
injusto impregnado papel cosmos,Papelaria,1
injusto impregnado papel crime injusto impregnado papel crime,Embalagem,1
injusto impregnado papel crime injusto impregnado papel crime,Papelaria,1
injusto impregnado papel curupixa,Embalagem,1
injusto impregnado papel curupixa,Papelaria,1
injusto impregnado papel curupixa rapado injusto impregnado papel curupix nome digo fornecedor curupix slot rapado curupixa,Embalagem,1
injusto impregnado papel curupixa rapado injusto impregnado papel curupix nome digo fornecedor curupix slot rapado curupixa,Papelaria,1
injusto impregnado papel desvio,Embalagem,1
injusto impregnado papel desvio,Papelaria,1
injusto impregnado papel elmo banco,Embalagem,1
injusto impregnado papel elmo banco,Papelaria,1
injusto impregnado papel elmo lista,Embalagem,1
injusto impregnado papel elmo lista,Papelaria,1
injusto impregnado papel erva mate injusto impregnado papel find nome digo fornecedor find verde,Embalagem,1
injusto impregnado papel erva mate injusto impregnado papel find nome digo fornecedor find verde,Papelaria,1
injusto impregnado papel fog injusto impregnado papel fog,Embalagem,1
injusto impregnado papel fog injusto impregnado papel fog,Papelaria,1
injusto impregnado papel freio,Embalagem,1
injusto impregnado papel freio,Papelaria,1
injusto impregnado papel freio rapado nome digo fornecedor aula freio rapado,Embalagem,1
injusto impregnado papel freio rapado nome digo fornecedor aula freio rapado,Papelaria,1
injusto impregnado papel fulo injusto impregnado papel fulo,Embalagem,1
injusto impregnado papel fulo injusto impregnado papel fulo,Papelaria,1
injusto impregnado papel grafite,Embalagem,1
injusto impregnado papel grafite,Papelaria,1
injusto impregnado papel grafite linha are,Embalagem,1
injusto impregnado papel grafite linha are,Papelaria,1
injusto impregnado papel impura,Embalagem,1
injusto impregnado papel impura,Papelaria,1
injusto impregnado papel ipe,Embalagem,1
injusto impregnado papel ipe,Papelaria,1
injusto impregnado papel ire injusto impregnado papel ire,Embalagem,1
injusto impregnado papel ire injusto impregnado papel ire,Papelaria,1
injusto impregnado papel jasper injusto impregnado papel trace nome digo fornecedor trace metalico cobre,Embalagem,1
injusto impregnado papel jasper injusto impregnado papel trace nome digo fornecedor trace metalico cobre,Papelaria,1
injusto impregnado papel magoe carvalho nome digo fornecedor liam impura magoe carvalho,Embalagem,1
injusto impregnado papel magoe carvalho nome digo fornecedor liam impura magoe carvalho,Papelaria,1
injusto impregnado papel magoe impura nome digo fornecedor liam impura magoe impura,Embalagem,1
injusto impregnado papel magoe impura nome digo fornecedor liam impura magoe impura,Papelaria,1
injusto impregnado papel magoe mel nome digo fornecedor liam impura magoe mel,Embalagem,1
injusto impregnado papel magoe mel nome digo fornecedor liam impura magoe mel,Papelaria,1
injusto impregnado papel marca injusto impregnado papel find nome digo fornecedor find vendi matt,Embalagem,1
injusto impregnado papel marca injusto impregnado papel find nome digo fornecedor find vendi matt,Papelaria,1
injusto impregnado papel marco,Embalagem,1
injusto impregnado papel marco,Papelaria,1
injusto impregnado papel montanha,Embalagem,1
injusto impregnado papel montanha,Papelaria,1
injusto impregnado papel new sherry,Embalagem,1
injusto impregnado papel new sherry,Papelaria,1
injusto impregnado papel niquel injusto impregnado papel niquel,Embalagem,1
injusto impregnado papel niquel injusto impregnado papel niquel,Papelaria,1
injusto impregnado papel nua injusto impregnado papel trace nome digo fornecedor trace metalico claro,Embalagem,1
injusto impregnado papel nua injusto impregnado papel trace nome digo fornecedor trace metalico claro,Papelaria,1
injusto impregnado papel ouro,Embalagem,1
injusto impregnado papel ouro,Papelaria,1
injusto impregnado papel paris,Embalagem,1
injusto impregnado papel paris,Papelaria,1
injusto impregnado papel pau ferro,Embalagem,1
injusto impregnado papel pau ferro,Papelaria,1
injusto impregnado papel pixel injusto impregnado papel pixel,Embalagem,1
injusto impregnado papel pixel injusto impregnado papel pixel,Papelaria,1
injusto impregnado papel plano,Embalagem,1
injusto impregnado papel plano,Papelaria,1
injusto impregnado papel platina injusto impregnado papel unimetal nome digo fornecedor unimetal metalico prateado,Embalagem,1
injusto impregnado papel platina injusto impregnado papel unimetal nome digo fornecedor unimetal metalico prateado,Papelaria,1
injusto impregnado papel preferia,Embalagem,1
injusto impregnado papel preferia,Papelaria,1
injusto impregnado papel quartzo,Embalagem,1
injusto impregnado papel quartzo,Papelaria,1
injusto impregnado papel rico,Embalagem,1
injusto impregnado papel rico,Papelaria,1
injusto impregnado papel rosa milkshake,Embalagem,1
injusto impregnado papel rosa milkshake,Papelaria,1
injusto impregnado papel sangue injusto impregnado papel unicolor nome digo fornecedor unicolor cor escura,Embalagem,1
injusto impregnado papel sangue injusto impregnado papel unicolor nome digo fornecedor unicolor cor escura,Papelaria,1
injusto impregnado papel santorini,Embalagem,1
injusto impregnado papel santorini,Papelaria,1
injusto impregnado papel savana,Embalagem,1
injusto impregnado papel savana,Papelaria,1
injusto impregnado papel sobria,Embalagem,1
injusto impregnado papel sobria,Papelaria,1
injusto impregnado papel tapar,Embalagem,1
injusto impregnado papel tapar,Papelaria,1
injusto impregnado papel tapar rapado injusto impregnado papel tapar slot nome digo fornecedor tapar slot rapado tapar,Embalagem,1
injusto impregnado papel tapar rapado injusto impregnado papel tapar slot nome digo fornecedor tapar slot rapado tapar,Papelaria,1
injusto impregnado papel tear injusto impregnado papel textil nome digo fornecedor textil tear,Embalagem,1
injusto impregnado papel tear injusto impregnado papel textil nome digo fornecedor textil tear,Papelaria,1
injusto impregnado papel tecido,Embalagem,1
injusto impregnado papel tecido,Papelaria,1
injusto impregnado papel tecto injusto impregnado papel chino nome digo fornecedor chino metalico chino,Embalagem,1
injusto impregnado papel tecto injusto impregnado papel chino nome digo fornecedor chino metalico chino,Papelaria,1
injusto impregnado papel tela injusto impregnado papel tela,Embalagem,1
injusto impregnado papel tela injusto impregnado papel tela,Papelaria,1
injusto impregnado papel tema banco,Embalagem,1
injusto impregnado papel tema banco,Papelaria,1
injusto impregnado papel terreno injusto impregnado papel greg nome digo fornecedor greg gianduia,Embalagem,1
injusto impregnado papel terreno injusto impregnado papel greg nome digo fornecedor greg gianduia,Papelaria,1
injusto impregnado papel tijolo injusto impregnado papel tijolo,Embalagem,1
injusto impregnado papel tijolo injusto impregnado papel tijolo,Papelaria,1
injusto impregnado papel vela injusto impregnado papel anel,Embalagem,1
injusto impregnado papel vela injusto impregnado papel anel,Papelaria,1
injusto impregnado papel vendi,Embalagem,1
injusto impregnado papel vendi,Papelaria,1
injusto impregnado papel vogal cavilha,Embalagem,1
injusto impregnado papel vogal cavilha,Papelaria,1
injusto impregnado papel vogal champagne,Embalagem,1
injusto impregnado papel vogal champagne,Papelaria,1
junta papel,Embalagem,6
junta papel,Papelaria,3
junta papel silencioso gerador,Embalagem,1
junta papel silencioso gerador,Papelaria,1
junta papelao hidraulico teadit,Embalagem,1
junta papelao hidraulico teadit,Papelaria,1
junta veado papel,Embalagem,1
junta veado papel,Papelaria,1
luva,Epi,6
luva,Hidráulico,24
luva esgoto,Epi,1
luva esgoto,Hidráulico,1
luva projecto,Epi,1
luva projecto,Hidráulico,2
luva protejo agentes mecanicos quimicos tamanho danny,Epi,2
luva protejo agentes mecanicos quimicos tamanho danny,Hidráulico,1
luva pvc,Epi,1
luva pvc,Hidráulico,4
luva pvc bocal mexam direita handschuhe,Epi,1
luva pvc bocal mexam direita handschuhe,Hidráulico,1
luva pvc soluvel,Epi,1
luva pvc soluvel,Hidráulico,1
papel,Embalagem,5
papel,Papelaria,17
papel aspira premium papel aspira premium semi mate,Embalagem,2
papel aspira premium papel aspira premium semi mate,Papelaria,2
papel auto adesivo cor branco brilho recorte,Embalagem,1
papel auto adesivo cor branco brilho recorte,Papelaria,1
papel azul,Embalagem,2
papel azul,Papelaria,4
papel base acabam,Embalagem,1
papel base acabam,Papelaria,1
papel base adora,Embalagem,1
papel base adora,Papelaria,1
papel base alecrim,Embalagem,1
papel base alecrim,Papelaria,1
papel base amava papel base amava,Embalagem,1
papel base amava papel base amava,Papelaria,1
papel base antiga,Embalagem,1
papel base antiga,Papelaria,1
papel base antuerpia,Embalagem,1
papel base antuerpia,Papelaria,1
papel base areia,Embalagem,1
papel base areia,Papelaria,1
papel base atacaria papel base atacaria,Embalagem,1
papel base atacaria papel base atacaria,Papelaria,1
papel base azul petroleo,Embalagem,1
papel base azul petroleo,Papelaria,1
papel base beringela,Embalagem,1
papel base beringela,Papelaria,1
papel base biliao,Embalagem,1
papel base biliao,Papelaria,1
papel base branco,Embalagem,1
papel base branco,Papelaria,1
papel base bronze,Embalagem,1
papel base bronze,Papelaria,1
papel base canoas,Embalagem,1
papel base canoas,Papelaria,1
papel base capuccino,Embalagem,1
papel base capuccino,Papelaria,1
papel base carvalho barcelona,Embalagem,1
papel base carvalho barcelona,Papelaria,1
papel base carvalho madre,Embalagem,1
papel base carvalho madre,Papelaria,1
papel base carvalho nossa,Embalagem,1
papel base carvalho nossa,Papelaria,1
papel base caveira,Embalagem,1
papel base caveira,Papelaria,1
papel base cinza perfeito papel base find nome digo fornecedor find cinza,Embalagem,1
papel base cinza perfeito papel base find nome digo fornecedor find cinza,Papelaria,1
papel base cinza urbano,Embalagem,1
papel base cinza urbano,Papelaria,1
papel base cobre,Embalagem,1
papel base cobre,Papelaria,1
papel base cobre papel base cobre,Embalagem,1
papel base cobre papel base cobre,Papelaria,1
papel base corte,Embalagem,1
papel base corte,Papelaria,1
papel base cosmos,Embalagem,2
papel base cosmos,Papelaria,2
papel base crime,Embalagem,1
papel base crime,Papelaria,1
papel base curupixa,Embalagem,1
papel base curupixa,Papelaria,1
papel base desvio,Embalagem,1
papel base desvio,Papelaria,1
papel base elmo banco,Embalagem,2
papel base elmo banco,Papelaria,2
papel base fog,Embalagem,1
papel base fog,Papelaria,1
papel base freio,Embalagem,1
papel base freio,Papelaria,1
papel base fulo papel base fulo,Embalagem,1
papel base fulo papel base fulo,Papelaria,1
papel base grafite,Embalagem,1
papel base grafite,Papelaria,1
papel base hiper preto,Embalagem,1
papel base hiper preto,Papelaria,1
papel base ipe,Embalagem,1
papel base ipe,Papelaria,1
papel base ire baixa,Embalagem,1
papel base ire baixa,Papelaria,1
papel base juiz,Embalagem,1
papel base juiz,Papelaria,1
papel base linho,Embalagem,1
papel base linho,Papelaria,1
papel base lista,Embalagem,1
papel base lista,Papelaria,1
papel base magoe carvalho nome digo fornecedor liam impura magoe carvalho,Embalagem,1
papel base magoe carvalho nome digo fornecedor liam impura magoe carvalho,Papelaria,1
papel base magoe impura nome digo fornecedor liam impura magoe impura,Embalagem,1
papel base magoe impura nome digo fornecedor liam impura magoe impura,Papelaria,1
papel base marco,Embalagem,1
papel base marco,Papelaria,1
papel base marcos,Embalagem,1
papel base marcos,Papelaria,1
papel base marfim teria,Embalagem,1
papel base marfim teria,Papelaria,1
papel base montanha,Embalagem,1
papel base montanha,Papelaria,1
papel base nevada,Embalagem,1
papel base nevada,Papelaria,1
papel base new sherry,Embalagem,1
papel base new sherry,Papelaria,1
papel base niquel,Embalagem,1
papel base niquel,Papelaria,1
papel base nix,Embalagem,1
papel base nix,Papelaria,1
papel base onde,Embalagem,1
papel base onde,Papelaria,1
papel base ouro,Embalagem,1
papel base ouro,Papelaria,1
papel base papel rezo,Embalagem,1
papel base papel rezo,Papelaria,1
papel base paris papel base paris,Embalagem,1
papel base paris papel base paris,Papelaria,1
papel base pau ferro papel base pau ferro,Embalagem,1
papel base pau ferro papel base pau ferro,Papelaria,1
papel base pixel,Embalagem,1
papel base pixel,Papelaria,1
papel base plano,Embalagem,1
papel base plano,Papelaria,1
papel base porto,Embalagem,1
papel base porto,Papelaria,1
papel base preferia,Embalagem,1
papel base preferia,Papelaria,1
papel base preto,Embalagem,1
papel base preto,Papelaria,1
papel base quartzo,Embalagem,2
papel base quartzo,Papelaria,2
papel base rico papel base rico,Embalagem,1
papel base rico papel base rico,Papelaria,1
papel base rosa milkshake,Embalagem,1
papel base rosa milkshake,Papelaria,1
papel base sangue natural,Embalagem,1
papel base sangue natural,Papelaria,1
papel base santorini,Embalagem,1
papel base santorini,Papelaria,1
papel base savana,Embalagem,1
papel base savana,Papelaria,1
papel base saw cut,Embalagem,1
papel base saw cut,Papelaria,1
papel base sobria,Embalagem,1
papel base sobria,Papelaria,1
papel base tapar,Embalagem,1
papel base tapar,Papelaria,1
papel base tecido papel base tecido,Embalagem,1
papel base tecido papel base tecido,Papelaria,1
papel base tela papel base tela,Embalagem,1
papel base tela papel base tela,Papelaria,1
papel base tema banco,Embalagem,1
papel base tema banco,Papelaria,1
papel base terramoto,Embalagem,1
papel base terramoto,Papelaria,1
papel base tijolo,Embalagem,1
papel base tijolo,Papelaria,1
papel base vendi,Embalagem,1
papel base vendi,Papelaria,1
papel base vogal cavilha,Embalagem,1
papel base vogal cavilha,Papelaria,1
papel base vogal champagne,Embalagem,1
papel base vogal champagne,Papelaria,1
papel base vogal male,Embalagem,1
papel base vogal male,Papelaria,1
papel branco miguel forte,Embalagem,1
papel branco miguel forte,Papelaria,3
papel canso,Embalagem,1
papel canso,Papelaria,1
papel cartao obras pasta celulas papel cartao out pap cara pastamantas fib celulas,Embalagem,1
papel cartao obras pasta celulas papel cartao out pap cara pastamantas fib celulas,Papelaria,1
papel cartao pasta quase celulas manta fibras celulas tiras,Embalagem,1
papel cartao pasta quase celulas manta fibras celulas tiras,Papelaria,1
papel cartao pasta quase celulas tiras rolos largura,Embalagem,1
papel cartao pasta quase celulas tiras rolos largura,Papelaria,1
papel cinza claro,Embalagem,1
papel cinza claro,Papelaria,1
papel cinza claro cor cor unica papel modelo cor cinza claro quantidade pct tipo reciclado,Embalagem,1
papel cinza claro cor cor unica papel modelo cor cinza claro quantidade pct tipo reciclado,Papelaria,1
papel cinza claro papel modelo cor cinza claro quantidade pct tipo reciclado,Embalagem,1
papel cinza claro papel modelo cor cinza claro quantidade pct tipo reciclado,Papelaria,1
papel colorido,Embalagem,1
papel colorido,Papelaria,2
papel contacto,Embalagem,2
papel contacto,Papelaria,1
papel cremado saturado adesivo base borracha natural resina impressao uso combinados eletricos fornecido rolo similar referencia apk alpaca brasil,Embalagem,1
papel cremado saturado adesivo base borracha natural resina impressao uso combinados eletricos fornecido rolo similar referencia apk alpaca brasil,Papelaria,1
papel emprego agente limpeza prato prensa produto servico papel emprego agente limpeza prato prensa dimensoes utilizar padre prato prensa descrito complementar estoque,Embalagem,1
papel emprego agente limpeza prato prensa produto servico papel emprego agente limpeza prato prensa dimensoes utilizar padre prato prensa descrito complementar estoque,Papelaria,1
papel fique rolo cor cor unica descrito fique rolo lote minimo lote economico leal time dia ten preso fabricante havia,Embalagem,1
papel fique rolo cor cor unica descrito fique rolo lote minimo lote economico leal time dia ten preso fabricante havia,Papelaria,1
papel foto brilhante,Embalagem,1
papel foto brilhante,Papelaria,1
papel foto gloss papel,Embalagem,1
papel foto gloss papel,Papelaria,2
papel fotografico,Embalagem,1
papel fotografico,Papelaria,2
papel fotografico adesivo,Embalagem,2
papel fotografico adesivo,Papelaria,1
papel fotografico brilho,Embalagem,2
papel fotografico brilho,Papelaria,2
papel fotografico gloss gmasterprint,Embalagem,1
papel fotografico gloss gmasterprint,Papelaria,1
papel fotografico link autocolante papel fotografico link autocolante folhas,Embalagem,1
papel fotografico link autocolante papel fotografico link autocolante folhas,Papelaria,1
papel gloss,Embalagem,1
papel gloss,Papelaria,2
papel gloss fotografico mexam aprova agua contem folha grama,Embalagem,1
papel gloss fotografico mexam aprova agua contem folha grama,Papelaria,1
papel guamotor espessura,Embalagem,1
papel guamotor espessura,Papelaria,1
papel hidraulico,Embalagem,1
papel hidraulico,Papelaria,1
papel impregnado alecrim,Embalagem,1
papel impregnado alecrim,Papelaria,1
papel impregnado ali papel impregnado trace nome digo fornecedor trace cometa,Embalagem,1
papel impregnado ali papel impregnado trace nome digo fornecedor trace cometa,Papelaria,1
papel impregnado amava,Embalagem,1
papel impregnado amava,Papelaria,1
papel impregnado antiga inspetor,Embalagem,1
papel impregnado antiga inspetor,Papelaria,1
papel impregnado antuerpia,Embalagem,1
papel impregnado antuerpia,Papelaria,1
papel impregnado areia,Embalagem,1
papel impregnado areia,Papelaria,1
papel impregnado argila inspetor,Embalagem,1
papel impregnado argila inspetor,Papelaria,1
papel impregnado atacada,Embalagem,1
papel impregnado atacada,Papelaria,1
papel impregnado atacaria,Embalagem,1
papel impregnado atacaria,Papelaria,1
papel impregnado aura papel impregnado unimetalic nome digo fornecedor uni metal metalico dourado,Embalagem,1
papel impregnado aura papel impregnado unimetalic nome digo fornecedor uni metal metalico dourado,Papelaria,1
papel impregnado azul ardosia papel impregnado fique calor nome digo fornecedor fique calor azul,Embalagem,1
papel impregnado azul ardosia papel impregnado fique calor nome digo fornecedor fique calor azul,Papelaria,1
papel impregnado banco inspetor,Embalagem,1
papel impregnado banco inspetor,Papelaria,1
papel impregnado barcelona inspetor,Embalagem,1
papel impregnado barcelona inspetor,Papelaria,1
papel impregnado bege light,Embalagem,1
papel impregnado bege light,Papelaria,1
papel impregnado bege light inspetor,Embalagem,1
papel impregnado bege light inspetor,Papelaria,1
papel impregnado biliao iinpeo,Embalagem,1
papel impregnado biliao iinpeo,Papelaria,1
papel impregnado branco nano,Embalagem,1
papel impregnado branco nano,Papelaria,1
papel impregnado branco obh,Embalagem,1
papel impregnado branco obh,Papelaria,1
papel impregnado branco plus,Embalagem,2
papel impregnado branco plus,Papelaria,2
papel impregnado branco plus inspetor,Embalagem,1
papel impregnado branco plus inspetor,Papelaria,1
papel impregnado bronze,Embalagem,1
papel impregnado bronze,Papelaria,1
papel impregnado canoas inspetor,Embalagem,1
papel impregnado canoas inspetor,Papelaria,1
papel impregnado capuccino,Embalagem,1
papel impregnado capuccino,Papelaria,1
papel impregnado carvalho barcelona,Embalagem,1
papel impregnado carvalho barcelona,Papelaria,1
papel impregnado carvalho madre,Embalagem,1
papel impregnado carvalho madre,Papelaria,1
papel impregnado carvalho natural,Embalagem,1
papel impregnado carvalho natural,Papelaria,1
papel impregnado causarem inspetor,Embalagem,1
papel impregnado causarem inspetor,Papelaria,1
papel impregnado cavilha inspetor,Embalagem,1
papel impregnado cavilha inspetor,Papelaria,1
papel impregnado champagne inspetor,Embalagem,1
papel impregnado champagne inspetor,Papelaria,1
papel impregnado cinza argila,Embalagem,1
papel impregnado cinza argila,Papelaria,1
papel impregnado cinza causarem,Embalagem,1
papel impregnado cinza causarem,Papelaria,1
papel impregnado cinza perfeito papel impregnado find nome digo fornecedor find cinza,Embalagem,1
papel impregnado cinza perfeito papel impregnado find nome digo fornecedor find cinza,Papelaria,1
papel impregnado cinza urbano,Embalagem,1
papel impregnado cinza urbano,Papelaria,1
papel impregnado cioccolato iinpeo,Embalagem,1
papel impregnado cioccolato iinpeo,Papelaria,1
papel impregnado cobre,Embalagem,1
papel impregnado cobre,Papelaria,1
papel impregnado cobre iinpeo,Embalagem,1
papel impregnado cobre iinpeo,Papelaria,1
papel impregnado cosmos,Embalagem,1
papel impregnado cosmos,Papelaria,1
papel impregnado crime,Embalagem,1
papel impregnado crime,Papelaria,1
papel impregnado curupixa,Embalagem,1
papel impregnado curupixa,Papelaria,1
papel impregnado curupixa rapado papel impregnado curupix nome digo fornecedor curupix slot rapado curupixa,Embalagem,1
papel impregnado curupixa rapado papel impregnado curupix nome digo fornecedor curupix slot rapado curupixa,Papelaria,1
papel impregnado desvio,Embalagem,1
papel impregnado desvio,Papelaria,1
papel impregnado diamante inspetor,Embalagem,1
papel impregnado diamante inspetor,Papelaria,1
papel impregnado erva mate papel impregnado find nome digo fornecedor find verde,Embalagem,1
papel impregnado erva mate papel impregnado find nome digo fornecedor find verde,Papelaria,1
papel impregnado floresta,Embalagem,1
papel impregnado floresta,Papelaria,1
papel impregnado fog,Embalagem,1
papel impregnado fog,Papelaria,1
papel impregnado freio papel impregnado freio,Embalagem,1
papel impregnado freio papel impregnado freio,Papelaria,1
papel impregnado freio rapado nome digo fornecedor aula freio rapado,Embalagem,1
papel impregnado freio rapado nome digo fornecedor aula freio rapado,Papelaria,1
papel impregnado fulo papel impregnado fulo,Embalagem,1
papel impregnado fulo papel impregnado fulo,Papelaria,1
papel impregnado gold,Embalagem,1
papel impregnado gold,Papelaria,1
papel impregnado grafite,Embalagem,2
papel impregnado grafite,Papelaria,2
papel impregnado iceland,Embalagem,1
papel impregnado iceland,Papelaria,1
papel impregnado impura,Embalagem,1
papel impregnado impura,Papelaria,1
papel impregnado ipe,Embalagem,1
papel impregnado ipe,Papelaria,1
papel impregnado ire baixa iinpeo,Embalagem,1
papel impregnado ire baixa iinpeo,Papelaria,1
papel impregnado iris inspetor,Embalagem,1
papel impregnado iris inspetor,Papelaria,1
papel impregnado jasper papel impregnado trace nome digo fornecedor trace metalico cobre,Embalagem,1
papel impregnado jasper papel impregnado trace nome digo fornecedor trace metalico cobre,Papelaria,1
papel impregnado jean black,Embalagem,1
papel impregnado jean black,Papelaria,1
papel impregnado jean black iinpeo,Embalagem,1
papel impregnado jean black iinpeo,Papelaria,1
papel impregnado linho inspetor,Embalagem,1
papel impregnado linho inspetor,Papelaria,1
papel impregnado madre inspetor,Embalagem,1
papel impregnado madre inspetor,Papelaria,1
papel impregnado magoe carvalho nome digo fornecedor liam impura magoe carvalho,Embalagem,1
papel impregnado magoe carvalho nome digo fornecedor liam impura magoe carvalho,Papelaria,1
papel impregnado magoe impura nome digo fornecedor liam impura magoe impura,Embalagem,1
papel impregnado magoe impura nome digo fornecedor liam impura magoe impura,Papelaria,1
papel impregnado magoe mel nome digo fornecedor liam impura magoe mel,Embalagem,1
papel impregnado magoe mel nome digo fornecedor liam impura magoe mel,Papelaria,1
papel impregnado mal rezo,Embalagem,1
papel impregnado mal rezo,Papelaria,1
papel impregnado male inspetor,Embalagem,1
papel impregnado male inspetor,Papelaria,1
papel impregnado marca papel impregnado find nome digo fornecedor find vendi matt,Embalagem,1
papel impregnado marca papel impregnado find nome digo fornecedor find vendi matt,Papelaria,1
papel impregnado marco,Embalagem,1
papel impregnado marco,Papelaria,1
papel impregnado mexi branco,Embalagem,1
papel impregnado mexi branco,Papelaria,1
papel impregnado montanha,Embalagem,1
papel impregnado montanha,Papelaria,1
papel impregnado natural inspetor,Embalagem,1
papel impregnado natural inspetor,Papelaria,1
papel impregnado neblina,Embalagem,2
papel impregnado neblina,Papelaria,2
papel impregnado negro,Embalagem,1
papel impregnado negro,Papelaria,1
papel impregnado new sherry iinpeo,Embalagem,1
papel impregnado new sherry iinpeo,Papelaria,1
papel impregnado niquel,Embalagem,1
papel impregnado niquel,Papelaria,1
papel impregnado noite,Embalagem,2
papel impregnado noite,Papelaria,2
papel impregnado nossa inspetor,Embalagem,1
papel impregnado nossa inspetor,Papelaria,1
papel impregnado nua papel impregnado trace nome digo fornecedor trace metalico claro,Embalagem,1
papel impregnado nua papel impregnado trace nome digo fornecedor trace metalico claro,Papelaria,1
papel impregnado origami,Embalagem,1
papel impregnado origami,Papelaria,1
papel impregnado ouro,Embalagem,1
papel impregnado ouro,Papelaria,1
papel impregnado papyrus iinpeo,Embalagem,1
papel impregnado papyrus iinpeo,Papelaria,1
papel impregnado pau ferro,Embalagem,1
papel impregnado pau ferro,Papelaria,1
papel impregnado paulo,Embalagem,1
papel impregnado paulo,Papelaria,1
papel impregnado pecar africa,Embalagem,1
papel impregnado pecar africa,Papelaria,1
papel impregnado pecar africa inspetor,Embalagem,1
papel impregnado pecar africa inspetor,Papelaria,1
papel impregnado pedra,Embalagem,1
papel impregnado pedra,Papelaria,1
papel impregnado pedra amostra,Embalagem,1
papel impregnado pedra amostra,Papelaria,1
papel impregnado pixel,Embalagem,1
papel impregnado pixel,Papelaria,1
papel impregnado plano,Embalagem,1
papel impregnado plano,Papelaria,1
papel impregnado plano iinpeo,Embalagem,1
papel impregnado plano iinpeo,Papelaria,1
papel impregnado platina papel impregnado unimetal nome digo fornecedor unimetal metalico prateado,Embalagem,1
papel impregnado platina papel impregnado unimetal nome digo fornecedor unimetal metalico prateado,Papelaria,1
papel impregnado preto,Embalagem,2
papel impregnado preto,Papelaria,2
papel impregnado preto inspetor,Embalagem,1
papel impregnado preto inspetor,Papelaria,1
papel impregnado quartzo,Embalagem,1
papel impregnado quartzo,Papelaria,1
papel impregnado rezo inspetor,Embalagem,1
papel impregnado rezo inspetor,Papelaria,1
papel impregnado rico,Embalagem,1
papel impregnado rico,Papelaria,1
papel impregnado rosa milkshake,Embalagem,1
papel impregnado rosa milkshake,Papelaria,1
papel impregnado sangue papel impregnado unicolor nome digo fornecedor unicolor cor escura,Embalagem,1
papel impregnado sangue papel impregnado unicolor nome digo fornecedor unicolor cor escura,Papelaria,1
papel impregnado savana,Embalagem,1
papel impregnado savana,Papelaria,1
papel impregnado saw cut iinpeo,Embalagem,1
papel impregnado saw cut iinpeo,Papelaria,1
papel impregnado tapar,Embalagem,1
papel impregnado tapar,Papelaria,1
papel impregnado tapar rapado papel impregnado tapar nome digo fornecedor tapar slot rapado tapar,Embalagem,1
papel impregnado tapar rapado papel impregnado tapar nome digo fornecedor tapar slot rapado tapar,Papelaria,1
papel impregnado tear papel impregnado textil nome digo fornecedor textil tear,Embalagem,1
papel impregnado tear papel impregnado textil nome digo fornecedor textil tear,Papelaria,1
papel impregnado tecido,Embalagem,1
papel impregnado tecido,Papelaria,1
papel impregnado tecto papel impregnado chino nome digo fornecedor chino metalico chino,Embalagem,1
papel impregnado tecto papel impregnado chino nome digo fornecedor chino metalico chino,Papelaria,1
papel impregnado tela papel impregnado tela,Embalagem,1
papel impregnado tela papel impregnado tela,Papelaria,1
papel impregnado teria inspetor,Embalagem,1
papel impregnado teria inspetor,Papelaria,1
papel impregnado terramoto,Embalagem,1
papel impregnado terramoto,Papelaria,1
papel impregnado terreno papel impregnado greg nome digo fornecedor greg gianduia,Embalagem,1
papel impregnado terreno papel impregnado greg nome digo fornecedor greg gianduia,Papelaria,1
papel impregnado tijolo,Embalagem,1
papel impregnado tijolo,Papelaria,1
papel impregnado underlay,Embalagem,1
papel impregnado underlay,Papelaria,1
papel impregnado vela iinpeo,Embalagem,1
papel impregnado vela iinpeo,Papelaria,1
papel impregnado vendi,Embalagem,1
papel impregnado vendi,Papelaria,1
papel impregnado vendi iinpeo,Embalagem,1
papel impregnado vendi iinpeo,Papelaria,1
papel junta,Embalagem,1
papel junta,Papelaria,1
papel junta velomoide,Embalagem,3
papel junta velomoide,Papelaria,3
papel junta vender,Embalagem,1
papel junta vender,Papelaria,1
papel junta volumoide,Embalagem,1
papel junta volumoide,Papelaria,1
papel kart,Embalagem,8
papel kart,Papelaria,2
papel kart ivc bobinas fornecedor decorprint manter estoque minimo material utilizado confeccao panelas concreto fusao papel kart ivc bobinas,Embalagem,2
papel kart ivc bobinas fornecedor decorprint manter estoque minimo material utilizado confeccao panelas concreto fusao papel kart ivc bobinas,Papelaria,2
papel kart poder microperfurado,Embalagem,1
papel kart poder microperfurado,Papelaria,1
papel kart tigela,Embalagem,5
papel kart tigela,Papelaria,1
papel kart tigela dia,Embalagem,3
papel kart tigela dia,Papelaria,1
papel melaminico branco foco,Embalagem,16
papel melaminico branco foco,Papelaria,16
papel melaminico branco foco nao repor,Embalagem,1
papel melaminico branco foco nao repor,Papelaria,1
papel melaminico branco foco olm,Embalagem,1
papel melaminico branco foco olm,Papelaria,1
papel melaminico branco foco plm,Embalagem,1
papel melaminico branco foco plm,Papelaria,1
papel melaminico branco foco plm nao repor,Embalagem,1
papel melaminico branco foco plm nao repor,Papelaria,1
papel melaminico padrao branco,Embalagem,23
papel melaminico padrao branco,Papelaria,23
papel melaminico padrao branco nao repor,Embalagem,1
papel melaminico padrao branco nao repor,Papelaria,1
papel melaminico padrao curupixa,Embalagem,6
papel melaminico padrao curupixa,Papelaria,6
papel melaminico padrao curupixa nao repor,Embalagem,4
papel melaminico padrao curupixa nao repor,Papelaria,4
papel melaminico padrao freio escuro,Embalagem,1
papel melaminico padrao freio escuro,Papelaria,1
papel melaminico padrao freio escuro fsc mix,Embalagem,14
papel melaminico padrao freio escuro fsc mix,Papelaria,14
papel melaminico padrao impura,Embalagem,12
papel melaminico padrao impura,Papelaria,12
papel melaminico padrao mogno,Embalagem,4
papel melaminico padrao mogno,Papelaria,4
papel melaminico padrao mogno nao repor,Embalagem,3
papel melaminico padrao mogno nao repor,Papelaria,3
papel melaminico padrao tanganica,Embalagem,3
papel melaminico padrao tanganica,Papelaria,3
papel melaminico padrao tanganica fcs mix,Embalagem,1
papel melaminico padrao tanganica fcs mix,Papelaria,1
papel melaminico padrao tanganica fsc mix,Embalagem,10
papel melaminico padrao tanganica fsc mix,Papelaria,10
papel melaminico padre curupixa,Embalagem,1
papel melaminico padre curupixa,Papelaria,1
papel pardo,Embalagem,1
papel pardo,Papelaria,2
papel perfurado kart,Embalagem,1
papel perfurado kart,Papelaria,2
papel poder pardo,Embalagem,2
papel poder pardo,Papelaria,1
papel poster sublimacao condenhove branco,Embalagem,1
papel poster sublimacao condenhove branco,Papelaria,1
papel prooftech sarin eco sol,Embalagem,1
papel prooftech sarin eco sol,Papelaria,1
papel prooftech sarin plus,Embalagem,2
papel prooftech sarin plus,Papelaria,2
papel reciclado,Embalagem,2
papel reciclado,Papelaria,4
papel recobridora branco foco plm,Embalagem,1
papel recobridora branco foco plm,Papelaria,1
papel recobridora branco foco plm nao repor,Embalagem,1
papel recobridora branco foco plm nao repor,Papelaria,1
papel recobridora padrao impura,Embalagem,1
papel recobridora padrao impura,Papelaria,1
papel reinado branco foco plm,Embalagem,1
papel reinado branco foco plm,Papelaria,1
papel rosa,Embalagem,2
papel rosa,Papelaria,3
papel seda,Embalagem,1
papel seda,Papelaria,6
papel seda branco,Embalagem,2
papel seda branco,Papelaria,2
papel siliconado acaba bri xcm cod acabamento brilho impresso,Embalagem,1
papel siliconado acaba bri xcm cod acabamento brilho impresso,Papelaria,1
papel siliconizado larga papel siliconizado cod largura comprimento,Embalagem,1
papel siliconizado larga papel siliconizado cod largura comprimento,Papelaria,1
papel sub cor cor unica papel sub,Embalagem,1
papel sub cor cor unica papel sub,Papelaria,1
papel sub cor cor unica papel sub bnflex sim metro,Embalagem,1
papel sub cor cor unica papel sub bnflex sim metro,Papelaria,1
papel sub monolucido rolo metro,Embalagem,1
papel sub monolucido rolo metro,Papelaria,1
papel sub monolucido unica cor cor unica rolo metro,Embalagem,1
papel sub monolucido unica cor cor unica rolo metro,Papelaria,1
papel sub papel sub bnflex sim metro,Embalagem,2
papel sub papel sub bnflex sim metro,Papelaria,2
papel sub point cor cor unica,Embalagem,1
papel sub point cor cor unica,Papelaria,1
papel sub point cor cor unica rolo metro largura,Embalagem,2
papel sub point cor cor unica rolo metro largura,Papelaria,2
papel sub point rolo metro largura,Embalagem,2
papel sub point rolo metro largura,Papelaria,2
papel sub point unica cor cor unica rolo metro largura,Embalagem,2
papel sub point unica cor cor unica rolo metro largura,Papelaria,2
papel sub sublime coldre cor cor unica rolo metro,Embalagem,1
papel sub sublime coldre cor cor unica rolo metro,Papelaria,1
papel subligloss importa,Embalagem,1
papel subligloss importa,Papelaria,1
papel subligloss importa cor cor unica,Embalagem,1
papel subligloss importa cor cor unica,Papelaria,1
papel sublimatico point,Embalagem,1
papel sublimatico point,Papelaria,8
papel sublime cor cor unica papel medida material prematura grama minimo compra metro rolo,Embalagem,1
papel sublime cor cor unica papel medida material prematura grama minimo compra metro rolo,Papelaria,1
papel sublime papel medida material prematura grama minimo compra metro rolo,Embalagem,1
papel sublime papel medida material prematura grama minimo compra metro rolo,Papelaria,1
papel sublime unica cor cor unica papel medida material prematura grama minimo compra metro rolo,Embalagem,1
papel sublime unica cor cor unica papel medida material prematura grama minimo compra metro rolo,Papelaria,1
papel sul monolucido cor cor unica rolo metro,Embalagem,1
papel sul monolucido cor cor unica rolo metro,Papelaria,1
papel termino fax papel termino fax,Embalagem,1
papel termino fax papel termino fax,Papelaria,1
papel termino relogio ponto papel termino relogio ponto bobina metro,Embalagem,1
papel termino relogio ponto papel termino relogio ponto bobina metro,Papelaria,1
papel test lider iria,Embalagem,1
papel test lider iria,Papelaria,2
papel ultrapproof sarin com rolo papel ultrapproof sarin,Embalagem,1
papel ultrapproof sarin com rolo papel ultrapproof sarin,Papelaria,1
papel vci caixa folha papel kart pardo natural saturado solo inibidor corrosao multimetlico vci dimensoes densidade total papel inibidor corrosao presente papel possui marca identifica lado utilizar item atende norma mil std nbr metodologia testis anticorrosivos,Embalagem,1
papel vci caixa folha papel kart pardo natural saturado solo inibidor corrosao multimetlico vci dimensoes densidade total papel inibidor corrosao presente papel possui marca identifica lado utilizar item atende norma mil std nbr metodologia testis anticorrosivos,Papelaria,1
papel vci folhas folhas vci imenso lote minimo folhas,Embalagem,1
papel vci folhas folhas vci imenso lote minimo folhas,Papelaria,1
papel vci largura rolos,Embalagem,1
papel vci largura rolos,Papelaria,1
papel vci zap papel vci ref zap,Embalagem,1
papel vci zap papel vci ref zap,Papelaria,1
papel vci zap vci papel classificado vci zap vci,Embalagem,1
papel vci zap vci papel classificado vci zap vci,Papelaria,1
papel velumoid bob forum,Embalagem,1
papel velumoid bob forum,Papelaria,1
papel velumoide,Embalagem,2
papel velumoide,Papelaria,2
papel velumoide junta mmm,Embalagem,1
papel velumoide junta mmm,Papelaria,1
papel verde,Embalagem,3
papel verde,Papelaria,3
papel white test lider miguel forte bmf,Embalagem,1
papel white test lider miguel forte bmf,Papelaria,1
papelao,Embalagem,16
papelao,Papelaria,1
papelao guarita pol,Embalagem,1
papelao guarita pol,Papelaria,1
papelao hidraulico,Embalagem,2
papelao hidraulico,Papelaria,2
papelao hidraulico esp,Embalagem,1
papelao hidraulico esp,Papelaria,1
papelao hidraulico verde,Embalagem,2
papelao hidraulico verde,Papelaria,2
papelao junta guarita pol,Embalagem,1
papelao junta guarita pol,Papelaria,1
papelao velomoide,Embalagem,2
papelao velomoide,Papelaria,2
papelao velomoide vender,Embalagem,2
papelao velomoide vender,Papelaria,2
papelao velumoid,Embalagem,1
papelao velumoid,Papelaria,1
papelao velumoid tipo guarita,Embalagem,1
papelao velumoid tipo guarita,Papelaria,1
pasta papel,Embalagem,1
pasta papel,Papelaria,1
porta talheres papel reciclado,Embalagem,1
porta talheres papel reciclado,Papelaria,1
prato descartavel papelao,Embalagem,1
prato descartavel papelao,Papelaria,1
revestimento papel melaminico capuccino jumbo rolo,Embalagem,1
revestimento papel melaminico capuccino jumbo rolo,Papelaria,1
rolo papel esterilizacao cmxmt,Embalagem,1
rolo papel esterilizacao cmxmt,Papelaria,1
rolo papel vci largura rolo papel vci largura,Embalagem,1
rolo papel vci largura rolo papel vci largura,Papelaria,1
saco papel kart,Embalagem,2
saco papel kart,Papelaria,2
tabuleiro papel,Embalagem,1
tabuleiro papel,Papelaria,1
uso papel chame amar folhas,Embalagem,1
uso papel chame amar folhas,Papelaria,2
uso papel poster,Embalagem,2
uso papel poster,Papelaria,2
uso papel sulforms pacote dance,Embalagem,2
uso papel sulforms pacote dance,Papelaria,3
uso rec papel bob mono bco trem,Embalagem,1
uso rec papel bob mono bco trem,Papelaria,1
uso rec papel bob strong liso,Embalagem,1
uso rec papel bob strong liso,Papelaria,1
velamoide metro junta papel,Embalagem,2
velamoide metro junta papel,Papelaria,2
velumoide papel guarita,Embalagem,1
velumoide papel guarita,Papelaria,1
